{
    "loss": 12.831412315368652,
    "accuracy": 0.690077006816864
}