{
    "loss": 14.372537612915039,
    "accuracy": 0.31490710377693176
}