{
    "loss": 10.13915729522705,
    "accuracy": 0.690077006816864
}